{
  "configVersion": 11,
  "animationSmoothingSpeed": 0.2,
  "holdingItems": [
    "quad-mstv-mtv:pale_oak_torch",
    "quad-mstv-mtv:bamboo_torch",
    "minecraft:clock",
    "quad-mstv-mtv:spruce_soul_torch",
    "minecraft:compass",
    "minecraft:soul_torch",
    "quad-mstv-mtv:jungle_soul_torch",
    "quad-mstv-mtv:birch_soul_torch",
    "quad-mstv-mtv:warped_soul_torch",
    "minecraft:torch",
    "quad-mstv-mtv:bamboo_soul_torch",
    "quad-mstv-mtv:mangrove_torch",
    "quad-mstv-mtv:cherry_soul_torch",
    "minecraft:recovery_compass",
    "quad-mstv-mtv:jungle_torch",
    "quad-mstv-mtv:mangrove_soul_torch",
    "minecraft:soul_lantern",
    "quad-mstv-mtv:acacia_torch",
    "quad-mstv-mtv:cherry_torch",
    "quad-mstv-mtv:spruce_torch",
    "quad-mstv-mtv:dark_oak_soul_torch",
    "quad-mstv-mtv:warped_torch",
    "minecraft:lantern",
    "quad-mstv-mtv:crimson_soul_torch",
    "quad-mstv-mtv:pale_oak_soul_torch",
    "quad-mstv-mtv:birch_torch",
    "quad-mstv-mtv:acacia_soul_torch",
    "quad-mstv-mtv:crimson_torch",
    "quad-mstv-mtv:dark_oak_torch"
  ],
  "enableAnimationSmoothing": false,
  "enableInWorldMapRendering": false,
  "enableOffhandHiding": false,
  "enableRotationLocking": false,
  "enableLadderAnimation": false,
  "ladderAnimationAmplifier": 0.35,
  "ladderAnimationArmHeight": 1.7,
  "ladderAnimationArmSpeed": 2.0,
  "enableRotateToLadder": false,
  "enableEatDrinkAnimation": false,
  "enableRowBoatAnimation": false,
  "enableHorseAnimation": false,
  "dontHoldItemsInBed": false,
  "freezeArmsInBed": false,
  "rotationLock": "NONE",
  "limitRotationLockToFP": false,
  "showLastUsedSword": false,
  "sheathSwords": [
    "minecraft:golden_sword",
    "minecraft:iron_sword",
    "minecraft:wooden_sword",
    "minecraft:stone_sword",
    "minecraft:diamond_sword",
    "minecraft:netherite_sword"
  ],
  "enableCrawlingAnimation": false,
  "holdUpItemsMode": "NONE",
  "holdUpTarget": "CAMERA",
  "holdUpCameraOffset": 0.1,
  "holdUpOnlySelf": false,
  "holdUpItemOffset": 0.0,
  "itemSwapAnimation": false,
  "tweakElytraAnimation": false,
  "petAnimation": false,
  "fallingAnimation": false,
  "freezingAnimation": false,
  "huggingAnimation": false,
  "narutoRunning": true,
  "enableInWorldBookRendering": false,
  "disableLegSmoothing": false,
  "bowAnimation": "VANILLA",
  "burningAnimation": false
}